Entity,Account Name,Account ID,Property ID,Property Name
Archived Sites,X [ ARCHIVED ] ABC - Historical websites,115080983,366154966,
Archived Sites,X [ ARCHIVED ] ABC - Historical websites,115080983,371160212,
Archived Sites,X [ ARCHIVED ] ABC - Historical websites,115080983,385677563,
Archived Sites,X [ ARCHIVED ] ABC - Historical websites,115080983,388838573,
Archived Sites,X [ ARCHIVED ] ABC - Historical websites,115080983,390902192,
Archived Sites,X [ ARCHIVED ] ABC - Historical websites,115080983,391753714,
Archived Sites,X [ ARCHIVED ] ABC - Historical websites,115080983,391773801,
Archived Sites,X [ ARCHIVED ] ABC - Historical websites,115080983,391888380,
Archived Sites,X [ ARCHIVED ] ABC - Historical websites,115080983,391901853,
Archived Sites,X [ ARCHIVED ] ABC - Historical websites,115080983,392028271,
Archived Sites,X [ ARCHIVED ] ABC - Historical websites,115080983,392042029,
Archived Sites,X [ ARCHIVED ] ABC - Historical websites,115080983,392081525,
Archived Sites,X [ ARCHIVED ] ABC - Historical websites,115080983,392193665,
Archived Sites,X [ ARCHIVED ] ABC - Historical websites,115080983,392315670,
Archived Sites,X [ ARCHIVED ] ABC - Historical websites,115080983,392408875,
Archived Sites,X [ ARCHIVED ] ABC - Historical websites,115080983,392444435,
Archived Sites,X [ ARCHIVED ] ABC - Historical websites,115080983,392451738,
Archived Sites,X [ ARCHIVED ] ABC - Historical websites,115080983,392664641,
Archived Sites,X [ ARCHIVED ] ABC - Historical websites,115080983,392682771,
Archived Sites,X [ ARCHIVED ] ABC - Historical websites,115080983,392749292,
Archived Sites,X [ ARCHIVED ] ABC - Historical websites,115080983,392773156,
Archived Sites,X [ ARCHIVED ] ABC - Historical websites,115080983,393000813,
Archived Sites,X [ ARCHIVED ] ABC - Historical websites,115080983,393021833,
Archived Sites,X [ ARCHIVED ] ABC - Historical websites,115080983,393114836,
Archived Sites,X [ ARCHIVED ] ABC - Historical websites,115080983,393175618,
Archived Sites,X [ ARCHIVED ] ABC - Historical websites,115080983,393284254,
Archived Sites,X [ ARCHIVED ] ABC - Historical websites,115080983,393392754,
Archived Sites,X [ ARCHIVED ] ABC - Historical websites,115080983,393424881,
Archived Sites,X [ ARCHIVED ] ABC - Historical websites,115080983,393478744,
Archived Sites,X [ ARCHIVED ] ABC - Historical websites,115080983,393645364,
Archived Sites,X [ ARCHIVED ] ABC - Historical websites,115080983,395579265,
Archived Sites,X [ ARCHIVED ] Australian Financial Security Authority (AFSA) - Historical websites,35786813,251351764,
Archived Sites,X [ ARCHIVED ] Australian Financial Security Authority (AFSA) - Historical websites,35786813,280300044,
Archived Sites,X [ ARCHIVED ] Employment & Education - No longer tracking data,248129354,221697754,
Archived Sites,X [ ARCHIVED ] Employment & Education - No longer tracking data,248129354,221694475,
Archived Sites,X [ ARCHIVED ] Services Australia Decommissioned Websites,157600884,390962676,
Archived Sites,X [ ARCHIVED ] WordPress Sites,62647503,366987227,
Archived Sites,X [ ARCHIVED ] WordPress Sites,62647503,385184107,
Australian Broadcasting Corporation (ABC),ABC Production,115095568,222137319,
Australian Broadcasting Corporation (ABC),ABC Production,115095568,273765172,
Australian Broadcasting Corporation (ABC),ABC Production,115095568,356148446,
Australian Broadcasting Corporation (ABC),ABC Production,115095568,390941764,
Australian Broadcasting Corporation (ABC),ABC Production,115095568,395738684,
Australian Broadcasting Corporation (ABC),ABC Staging,112248452,273872769,
Australian Broadcasting Corporation (ABC),ABC Staging,112248452,274184710,
Australian Broadcasting Corporation (ABC),ABC Staging,112248452,278258113,
Australian Broadcasting Corporation (ABC),ABC Staging,112248452,306398774,
Australian Broadcasting Corporation (ABC),ABC Staging,112248452,321829635,
Australian Broadcasting Corporation (ABC),ABC Staging,112248452,358855052,
Australian Bureau of Statistics (ABS),ABS,41505650,327180286,
Australian Bureau of Statistics (ABS),ABS,41505650,346728715,
Australian Bureau of Statistics (ABS),ABS,41505650,384239378,
Australian Bureau of Statistics (ABS),ABS,41505650,401776900,
Australian Bureau of Statistics (ABS),ABS,41505650,470696327,Census2026
Australian Bureau of Statistics (ABS),ABS - data.gov.au,38578922,264210716,
Australian Bureau of Statistics (ABS),ABS - data.gov.au,38578922,366011659,
Australian Bureau of Statistics (ABS),ABS - data.gov.au,38578922,372892798,
Australian Bureau of Statistics (ABS),ABS - data.gov.au,38578922,399007007,
Australian Centre for International Agricultural Research (ACIAR) ,ACIAR - www.aciar.gov.au,18194367,287988092,
Australian Centre for International Agricultural Research (ACIAR) ,ACIAR - www.aciar.gov.au,18194367,413598847,
Australian Centre for International Agricultural Research (ACIAR) ,ACIAR - www.aciar.gov.au,18194367,413611655,
Australian Centre for International Agricultural Research (ACIAR) ,ACIAR - www.aciar.gov.au,18194367,413619125,
Australian Centre for International Agricultural Research (ACIAR) ,ACIAR - www.aciar.gov.au,18194367,413977108,
Australian Commission on Safety and Quality in Health Care,Australian Commission on Safety and Quality in Health Care (ACSQHC) Websites,2634714,381909966,
Australian Commission on Safety and Quality in Health Care,Australian Commission on Safety and Quality in Health Care (ACSQHC) Websites,2634714,382586433,
Australian Commission on Safety and Quality in Health Care,Australian Commission on Safety and Quality in Health Care (ACSQHC) Websites,2634714,389901310,
Australian Commission on Safety and Quality in Health Care,Australian Commission on Safety and Quality in Health Care (ACSQHC) Websites,2634714,389905794,
Australian Commission on Safety and Quality in Health Care,Australian Commission on Safety and Quality in Health Care (ACSQHC) Websites,2634714,389949743,
Australian Commission on Safety and Quality in Health Care,Australian Commission on Safety and Quality in Health Care (ACSQHC) Websites,2634714,448253112,
Australian Commission on Safety and Quality in Health Care,Australian Commission on Safety and Quality in Health Care (ACSQHC) Websites,2634714,451315444,
Australian Commission on Safety and Quality in Health Care,Australian Commission on Safety and Quality in Health Care (ACSQHC) Websites,2634714,475716787,
Australian Communications and Media Authority (ACMA),ACMA - National Self-Exclusion Register Beta,223895215,308347259,
Australian Communications and Media Authority (ACMA),Australian Communications and Media Authority (ACMA),39050857,310261057,
Australian Financial Security Authority (AFSA),Australian Financial Security Authority (AFSA),42984457,251377291,
Australian Financial Security Authority (AFSA),Australian Financial Security Authority (AFSA),42984457,251524944,
Australian Financial Security Authority (AFSA),Australian Financial Security Authority (AFSA),42984457,252953965,
Australian Financial Security Authority (AFSA),Australian Financial Security Authority (AFSA),42984457,254961759,
Australian Financial Security Authority (AFSA),Australian Financial Security Authority (AFSA),42984457,255140022,
Australian Financial Security Authority (AFSA),Australian Financial Security Authority (AFSA),42984457,282168896,
Australian Financial Security Authority (AFSA),Australian Financial Security Authority (AFSA),42984457,282220214,
Australian Financial Security Authority (AFSA),Australian Financial Security Authority (AFSA),42984457,313305307,
Australian Financial Security Authority (AFSA),Australian Financial Security Authority (AFSA),42984457,360002110,
Australian Financial Security Authority (AFSA),Australian Financial Security Authority (AFSA),42984457,372024387,
Australian Financial Security Authority (AFSA),Australian Financial Security Authority (AFSA),42984457,378171179,
Australian Industrial Chemicals Introduction Scheme (AICIS),AICIS,43608562,384422753,
Australian Institute of Health and Welfare (AIHW),Australian Institute of Health and Welfare (AIHW),10292491,277419422,
Australian Institute of Health and Welfare (AIHW),Australian Institute of Health and Welfare (AIHW),10292491,277433900,
Australian Institute of Health and Welfare (AIHW),Australian Institute of Health and Welfare (AIHW),10292491,286499268,
Australian Institute of Health and Welfare (AIHW),Australian Institute of Health and Welfare (AIHW),10292491,296175039,
Australian Institute of Health and Welfare (AIHW),Australian Institute of Health and Welfare (AIHW),10292491,435389023,
Australian Institute of Health and Welfare (AIHW),Australian Institute of Health and Welfare (AIHW),10292491,442840404,
Australian Institute of Health and Welfare (AIHW),Australian Institute of Health and Welfare (AIHW),10292491,451320180,
Australian Institute of Health and Welfare (AIHW),Australian Institute of Health and Welfare (AIHW),10292491,454501109,
Australian Institute of Health and Welfare (AIHW),Australian Institute of Health and Welfare (AIHW),10292491,456206076,
Australian Office of Financial Management (AOFM) ,AOFM websites,109178521,373755554,
Australian Office of Financial Management (AOFM) ,AOFM websites,109178521,375756662,
Australian Public Service Commission (APSC),Australian Public Service Commission (APSC),9917072,273897871,
Australian Public Service Commission (APSC),Australian Public Service Commission (APSC),9917072,314138220,
Australian Public Service Commission (APSC),Australian Public Service Commission (APSC),9917072,314165830,
Australian Public Service Commission (APSC),Australian Public Service Commission (APSC),9917072,317266105,
Australian Public Service Commission (APSC),Australian Public Service Commission (APSC),9917072,320164130,
Australian Public Service Commission (APSC),Australian Public Service Commission (APSC),9917072,320173965,
Australian Public Service Commission (APSC),Australian Public Service Commission (APSC),9917072,320186765,
Australian Public Service Commission (APSC),Australian Public Service Commission (APSC),9917072,321556036,
Australian Public Service Commission (APSC),Australian Public Service Commission (APSC),9917072,321820834,
Australian Public Service Commission (APSC),Australian Public Service Commission (APSC),9917072,321823131,
Australian Public Service Commission (APSC),Australian Public Service Commission (APSC),9917072,322108774,
Australian Public Service Commission (APSC),Australian Public Service Commission (APSC),9917072,322463668,
Australian Public Service Commission (APSC),Australian Public Service Commission (APSC),9917072,390277898,
Australian Public Service Commission (APSC),Australian Public Service Commission (APSC),9917072,417344250,
Australian Public Service Commission (APSC),Australian Public Service Commission (APSC),9917072,429276790,
Australian Radiation Protection and Nuclear Safety Agency (ARPANSA),ARPANSA - www.arpansa.gov.au,25488457,282693058,
Australian Radiation Protection and Nuclear Safety Agency (ARPANSA),ARPANSA - www.arpansa.gov.au,25488457,377399460,
Australian Radiation Protection and Nuclear Safety Agency (ARPANSA),ARPANSA - www.arpansa.gov.au,25488457,426754342,
Australian Rail Track Corporation Ltd. - Infrastructure,ARTC - Australian Rail Track Corporation Ltd.,47916108,364914523,
Australian Rail Track Corporation Ltd. - Infrastructure,ARTC - Australian Rail Track Corporation Ltd.,47916108,406819354,
Australian Rail Track Corporation Ltd. - Infrastructure,ARTC - Australian Rail Track Corporation Ltd.,47916108,439459500,
Australian Rail Track Corporation Ltd. - Infrastructure,ARTC - Australian Rail Track Corporation Ltd.,47916108,443243348,
Australian Rail Track Corporation Ltd. - Infrastructure,ARTC - Australian Rail Track Corporation Ltd.,47916108,478704836,
Australian Rail Track Corporation Ltd. - Infrastructure,Inland Rail Pty Ltd,174479493,310222904,
Australian Rail Track Corporation Ltd. - Infrastructure,Inland Rail Pty Ltd,174479493,319870602,
Australian Rail Track Corporation Ltd. - Infrastructure,Inland Rail Pty Ltd,174479493,319877889,
Australian Rail Track Corporation Ltd. - Infrastructure,Inland Rail Pty Ltd,174479493,319879399,
Australian Rail Track Corporation Ltd. - Infrastructure,Inland Rail Pty Ltd,174479493,319879495,
Australian Rail Track Corporation Ltd. - Infrastructure,Inland Rail Pty Ltd,174479493,319879593,
Australian Rail Track Corporation Ltd. - Infrastructure,Inland Rail Pty Ltd,174479493,319886322,
Australian Rail Track Corporation Ltd. - Infrastructure,Inland Rail Pty Ltd,174479493,319887968,
Australian Rail Track Corporation Ltd. - Infrastructure,Inland Rail Pty Ltd,174479493,319888755,
Australian Rail Track Corporation Ltd. - Infrastructure,Inland Rail Pty Ltd,174479493,319889633,
Australian Rail Track Corporation Ltd. - Infrastructure,Inland Rail Pty Ltd,174479493,319890343,
Australian Rail Track Corporation Ltd. - Infrastructure,Inland Rail Pty Ltd,174479493,319893800,
Australian Rail Track Corporation Ltd. - Infrastructure,Inland Rail Pty Ltd,174479493,319914295,
Australian Rail Track Corporation Ltd. - Infrastructure,Inland Rail Pty Ltd,174479493,319915627,
Australian Rail Track Corporation Ltd. - Infrastructure,Inland Rail Pty Ltd,174479493,319917133,
Australian Rail Track Corporation Ltd. - Infrastructure,Inland Rail Pty Ltd,174479493,319921886,
Australian Rail Track Corporation Ltd. - Infrastructure,Inland Rail Pty Ltd,174479493,319921961,
Australian Rail Track Corporation Ltd. - Infrastructure,Inland Rail Pty Ltd,174479493,320037420,
Australian Rail Track Corporation Ltd. - Infrastructure,Inland Rail Pty Ltd,174479493,320051192,
Australian Rail Track Corporation Ltd. - Infrastructure,Inland Rail Pty Ltd,174479493,320078035,
Australian Rail Track Corporation Ltd. - Infrastructure,Inland Rail Pty Ltd,174479493,320080682,
Australian Rail Track Corporation Ltd. - Infrastructure,Inland Rail Pty Ltd,174479493,320091452,
Australian Rail Track Corporation Ltd. - Infrastructure,Inland Rail Pty Ltd,174479493,320093635,
Australian Rail Track Corporation Ltd. - Infrastructure,Inland Rail Pty Ltd,174479493,320131877,
Australian Rail Track Corporation Ltd. - Infrastructure,Inland Rail Pty Ltd,174479493,320132608,
Australian Rail Track Corporation Ltd. - Infrastructure,Inland Rail Pty Ltd,174479493,320155169,
Australian Rail Track Corporation Ltd. - Infrastructure,Inland Rail Pty Ltd,174479493,320167713,
Australian Rail Track Corporation Ltd. - Infrastructure,Inland Rail Pty Ltd,174479493,386772223,
Australian Rail Track Corporation Ltd. - Infrastructure,Inland Rail Pty Ltd,174479493,404713826,
Australian Rail Track Corporation Ltd. - Infrastructure,Inland Rail Pty Ltd,174479493,407318291,
Australian Rail Track Corporation Ltd. - Infrastructure,Inland Rail Pty Ltd,174479493,422404986,
Australian Rail Track Corporation Ltd. - Infrastructure,Inland Rail Pty Ltd,174479493,441525029,
Australian Securities and Investment Commission (ASIC),ASIC - Google Tag Manager account,64917926,316088552,
Australian Securities and Investment Commission (ASIC),ASIC - Google Tag Manager account,64917926,436815652,
Australian Securities and Investment Commission (ASIC),ASIC - Google Tag Manager account,64917926,452512226,
Australian Securities and Investment Commission (ASIC),ASIC - Google Tag Manager account,64917926,452543109,
Australian Securities and Investment Commission (ASIC),ASIC - Google Tag Manager account,64917926,452543124,
Australian Securities and Investment Commission (ASIC),ASIC - Google Tag Manager account,64917926,452548244,
Australian Securities and Investment Commission (ASIC),ASIC - Google Tag Manager account,64917926,452555644,
Australian Securities and Investment Commission (ASIC),ASIC - Google Tag Manager account,64917926,457969571,
Australian Securities and Investment Commission (ASIC),ASIC - Moneysmart,17426000,316149370,
Australian Securities and Investment Commission (ASIC),ASIC - Moneysmart,17426000,346742940,
Australian Securities and Investment Commission (ASIC),ASIC - Moneysmart,17426000,401225622,
Australian Securities and Investment Commission (ASIC),ASIC - Moneysmart,17426000,435904784,
Australian Securities and Investment Commission (ASIC),ASIC - MoneySmart Enhanced Ecommerce Test,134983016,386367738,
Australian Securities and Investment Commission (ASIC),ASIC - Test [ REVIEW ],124158669,236575303,
Australian Securities and Investment Commission (ASIC),ASIC - Test [ REVIEW ],124158669,250046217,
Australian Securities and Investment Commission (ASIC),ASIC - Test [ REVIEW ],124158669,256510214,
Australian Securities and Investment Commission (ASIC),ASIC - Test [ REVIEW ],124158669,256548821,
Australian Securities and Investment Commission (ASIC),ASIC - Test [ REVIEW ],124158669,269605135,
Australian Securities and Investment Commission (ASIC),ASIC - Test [ REVIEW ],124158669,292464672,
Australian Securities and Investment Commission (ASIC),ASIC - Test [ REVIEW ],124158669,292477915,
Australian Securities and Investment Commission (ASIC),ASIC - Test [ REVIEW ],124158669,384867729,
Australian Securities and Investment Commission (ASIC),CADB - cadb.gov.au,340171454,471823743,CADB - GA4 - Prod
Australian Small Business and Family Enterprise Ombudsman (ASBFEO),ASBFEO,37192980,403761716,
Australian Taxation Office (ATO),Anthony.hatch@ato.gov.au,322206228,450792038,
Australian Taxation Office (ATO),ATO - ABR Production Support,121775071,342210246,
Australian Taxation Office (ATO),ATO - ABR Production Support,121775071,342395773,
Australian Taxation Office (ATO),ATO - ABR Production Support,121775071,343012639,
Australian Taxation Office (ATO),ATO - ABR Production Support,121775071,343300096,
Australian Taxation Office (ATO),ATO - ABR Production Support,121775071,345067442,
Australian Taxation Office (ATO),ATO - ABR Production Support,121775071,346048726,
Australian Taxation Office (ATO),ATO - ABR Production Support,121775071,346056850,
Australian Taxation Office (ATO),ATO - ABR Production Support,121775071,346071473,
Australian Taxation Office (ATO),ATO - AtoGovAu,72006902,275652701,
Australian Taxation Office (ATO),ATO - AtoGovAu,72006902,276762738,
Australian Taxation Office (ATO),ATO - AtoGovAu,72006902,277553294,
Australian Taxation Office (ATO),ATO - AtoGovAu,72006902,308582607,
Australian Taxation Office (ATO),ATO - AtoGovAu,72006902,324115664,
Australian Taxation Office (ATO),ATO - AtoGovAu,72006902,331273046,
Australian Taxation Office (ATO),ATO - AtoGovAu,72006902,343688909,
Australian Taxation Office (ATO),ATO - AtoGovAu,72006902,343691992,
Australian Taxation Office (ATO),ATO - AtoGovAu,72006902,359313718,
Australian Taxation Office (ATO),ATO - AtoGovAu,72006902,365942830,
Australian Taxation Office (ATO),ATO - AtoGovAu,72006902,365948704,
Australian Taxation Office (ATO),ATO - AtoGovAu,72006902,370088014,
Australian Taxation Office (ATO),ATO - AtoGovAu,72006902,370162600,
Australian Taxation Office (ATO),ATO - AtoGovAu,72006902,372652735,
Australian Taxation Office (ATO),ATO - AtoGovAu,72006902,372687138,
Australian Taxation Office (ATO),ATO - AtoGovAu,72006902,379011472,
Australian Taxation Office (ATO),ATO - AtoGovAu,72006902,385592762,
Australian Taxation Office (ATO),ATO - AtoGovAu,72006902,400829446,
Australian Taxation Office (ATO),ATO - AtoGovAu,72006902,413998118,
Australian Taxation Office (ATO),ATO - AtoGovAu,72006902,415896023,
Australian Taxation Office (ATO),ATO - AtoGovAu,72006902,424759158,
Australian Taxation Office (ATO),ATO - AtoGovAu,72006902,456397601,
Australian Taxation Office (ATO),ATO - AtoGovAu,72006902,469050856,
Australian Taxation Office (ATO),ATO - AtoGovAu,72006902,469056957,
Australian Taxation Office (ATO),ATO - AtoGovAu,72006902,469061832,
Australian Taxation Office (ATO),ATO - AtoGovAu,72006902,469071070,
Australian Taxation Office (ATO),ATO - AtoGovAu,72006902,469077855,
Australian Taxation Office (ATO),ATO - AtoGovAu,72006902,469096348,
Australian Taxation Office (ATO),ATO - AtoGovAu,72006902,475559128,myID - BetaProd - GA4
Australian Taxation Office (ATO),ATO - AtoGovAu,72006902,475552652,myID - Dev UA - GA4
Australian Taxation Office (ATO),ATO - AtoGovAu,72006902,475299441,myID - Dev PT - GA4
Australian Taxation Office (ATO),ATO - AtoGovAu,72006902,474233538,National Tax Clinics - GA4
Australian Taxation Office (ATO),ATO - AtoGovAu,72006902,475538538,Relationship Authorisation Manager - BetaProd - GA4
Australian Taxation Office (ATO),ATO - AtoGovAu,72006902,475534984,Relationship Authorisation Manager - Dev PT - GA4
Australian Taxation Office (ATO),ATO - AtoGovAu,72006902,475547710,Relationship Authorisation Manager - Dev UA - GA4
Australian Taxation Office (ATO),ATO - atoonline_atoo,76958125,307542119,
Australian Taxation Office (ATO),ATO - atoonline_atoo,76958125,320894221,
Australian Taxation Office (ATO),ATO - atoonline_atoo,76958125,350282712,
Australian Taxation Office (ATO),ATO - atoonline_atoo,76958125,354140002,
Australian Taxation Office (ATO),ATO - atoonline_atoo,76958125,468195462,
Australian Taxation Office (ATO),ATO - Australian Business Registry Services (ABRS),190997629,264054437,
Australian Taxation Office (ATO),ATO - Australian Taxation Office (ATO),61367659,276086908,
Australian Taxation Office (ATO),ATO - Departing Australia superannuation payment (DASP),148000511,354136259,
Australian Taxation Office (ATO),ATO - Departing Australia superannuation payment (DASP),148000511,354147563,
Australian Taxation Office (ATO),ATO - SILU,44861428,324846866,
Australian Taxation Office (ATO),ATO - Tax Super + You,112036607,313633122,
Australian Taxation Office (ATO),ATO - www.ato.localhost,262975754,363287253,
Australian Transaction Reports and Analysis Centre (AUSTRAC),AUSTRAC CBMs,223440539,307758164,
Australian Transaction Reports and Analysis Centre (AUSTRAC),AUSTRAC Moodle LMS,208493117,287589951,
Australian Transaction Reports and Analysis Centre (AUSTRAC),AUSTRAC www.austrac.gov.au,5899695,311912388,
Bureau of Meteorology (BOM),All Bureau of Meteorology,96314402,275933493,
Bureau of Meteorology (BOM),All Bureau of Meteorology,96314402,293103965,
Bureau of Meteorology (BOM),All Bureau of Meteorology,96314402,304408045,
Bureau of Meteorology (BOM),All Bureau of Meteorology,96314402,306536071,
Bureau of Meteorology (BOM),All Bureau of Meteorology,96314402,308560637,
Bureau of Meteorology (BOM),All Bureau of Meteorology,96314402,364251469,
Bureau of Meteorology (BOM),All Bureau of Meteorology,96314402,391316933,
Bureau of Meteorology (BOM),All Bureau of Meteorology,96314402,424440342,
Bureau of Meteorology (BOM),All Bureau of Meteorology,96314402,467664587,
Bureau of Meteorology (BOM),Bureau of Meteorology - Breeze Sharepoint,212891354,293544205,
Bureau of Meteorology (BOM),Bureau of Meteorology - ipswebstats,33347372,359783327,
Bureau of Meteorology (BOM),Bureau of Meteorology - Mobile Applications,55722104,212647667,
Bureau of Meteorology (BOM),Bureau of Meteorology - Mobile Applications,55722104,231551745,
Bureau of Meteorology (BOM),Bureau of Meteorology - Mobile Applications,55722104,258576891,
Bureau of Meteorology (BOM),Bureau of Meteorology - Mobile Applications,55722104,258617384,
Bureau of Meteorology (BOM),Bureau of Meteorology - Mobile Applications,55722104,258619633,
Bureau of Meteorology (BOM),Bureau of Meteorology - Mobile Applications,55722104,258621575,
Bureau of Meteorology (BOM),Bureau of Meteorology - Mobile Applications,55722104,367335016,
Bureau of Meteorology (BOM),Bureau of Meteorology (asap),256774358,353056194,
Bureau of Meteorology (BOM),Bureau of Meteorology (asap),256774358,353063938,
Bureau of Meteorology (BOM),Bureau of Meteorology (reg),20386085,359744192,
Bureau of Meteorology (BOM),Bureau of Meteorology (ROBUST),156822843,250726538,
Bureau of Meteorology (BOM),Bureau of Meteorology (ROBUST),156822843,278125173,
Bureau of Meteorology (BOM),Bureau of Meteorology (ROBUST),156822843,278255998,
Bureau of Meteorology (BOM),Bureau of Meteorology (ROBUST),156822843,302952917,
Bureau of Meteorology (BOM),Bureau of Meteorology (ROBUST),156822843,331888204,
Bureau of Meteorology (BOM),Bureau of Meteorology (wdev),21709175,322885317,
Bureau of Meteorology (BOM),Bureau of Meteorology (wdev),21709175,359738426,
Bureau of Meteorology (BOM),Bureau of Meteorology (www),3816559,356132265,
Bureau of Meteorology (BOM),Bureau of Meteorology (www),3816559,359783325,
Bureau of Meteorology (BOM),Bureau of Meteorology (www),3816559,359792419,
Bureau of Meteorology (BOM),Bureau of Meteorology (www),3816559,359803321,
Bureau of Meteorology (BOM),Bureau of Meteorology (www),3816559,363519527,
Bureau of Meteorology (BOM),Bureau of Meteorology (www),3816559,363548218,
Bureau of Meteorology (BOM),Bureau of Meteorology (www),3816559,367335090,
Bureau of Meteorology (BOM),Bureau of Meteorology (www),3816559,367354377,
Bureau of Meteorology (BOM),Bureau of Meteorology (www),3816559,412361050,
Bureau of Meteorology (BOM),Bureau of Meteorology (www),3816559,424413187,
Clean Energy Regulator,Clean Energy Regulator,29978944,298215414,
Clean Energy Regulator,Clean Energy Regulator,29978944,327183861,
Clean Energy Regulator,Clean Energy Regulator,29978944,356148915,
Clean Energy Regulator,Clean Energy Regulator,29978944,374054058,
Clean Energy Regulator,Clean Energy Regulator,29978944,413252513,
Clean Energy Regulator,Clean Energy Regulator,29978944,433067424,
Clean Energy Regulator,Clean Energy Regulator,29978944,452247421,
Clean Energy Regulator,Clean Energy Regulator (ARCHIVED),259084543,282789613,
Clean Energy Regulator,Clean Energy Regulator (ARCHIVED),259084543,298226924,
Clean Energy Regulator,Clean Energy Regulator (GA3),259461764,388273323,
Defence Force Recruitment (DFR),Defence Force Recruitment (DFR) - Defence Jobs 2.0,3172639,176979138,
Defence Force Recruitment (DFR),Defence Force Recruitment (DFR) - Defence Jobs 2.0,3172639,231704964,
Defence Force Recruitment (DFR),Defence Force Recruitment (DFR) - Defence Jobs 2.0,3172639,237724930,
Defence Force Recruitment (DFR),Defence Force Recruitment (DFR) - Defence Jobs 2.0,3172639,248654258,
Defence Force Recruitment (DFR),Defence Force Recruitment (DFR) - Defence Jobs 2.0,3172639,250430169,
Defence Force Recruitment (DFR),Defence Force Recruitment (DFR) - Defence Jobs 2.0,3172639,358683415,
Defence Force Recruitment (DFR),Defence Force Recruitment (DFR) - Defence Jobs 2.0,3172639,394737424,
Defence Force Recruitment (DFR),Defence Force Recruitment (DFR) - Defence Jobs 2.0,3172639,398465524,
Defence Force Recruitment (DFR),Defence Force Recruitment (DFR) - Defence Jobs 2.0,3172639,400221635,
Defence Force Recruitment (DFR),Defence Force Recruitment (DFR) - Defence Jobs 2.0,3172639,425934488,
Defence Force Recruitment (DFR),Defence Force Recruitment (DFR) - Defence Jobs 2.0,3172639,449256850,
Department of Defence (DoD),Defence,2848578,310502757,
Department of Defence (DoD),Defence,2848578,320018232,
Department of Defence (DoD),Defence,2848578,335759547,
Department of Defence (DoD),Defence,2848578,337151181,
Department of Defence (DoD),Defence,2848578,337230258,
Department of Defence (DoD),Defence,2848578,351219507,
Department of Defence (DoD),Defence,2848578,355570854,
Department of Defence (DoD),Defence,2848578,356165421,
Department of Defence (DoD),Defence,2848578,356585586,
Department of Defence (DoD),Defence,2848578,358672214,
Department of Defence (DoD),Defence,2848578,359295573,
Department of Defence (DoD),Defence,2848578,359317040,
Department of Defence (DoD),Defence,2848578,359318957,
Department of Defence (DoD),Defence,2848578,359323599,
Department of Defence (DoD),Defence,2848578,359324309,
Department of Defence (DoD),Defence,2848578,359329149,
Department of Defence (DoD),Defence,2848578,359330249,
Department of Defence (DoD),Defence,2848578,359331475,
Department of Defence (DoD),Defence,2848578,359353074,
Department of Defence (DoD),Defence,2848578,368181362,
Department of Defence (DoD),Defence,2848578,385233328,
Department of Defence (DoD),Defence,2848578,390578018,
Department of Defence (DoD),Defence,2848578,392585333,
Department of Defence (DoD),Defence,2848578,411500481,
Department of Defence (DoD),Defence,2848578,413268973,
Department of Defence (DoD),Defence,2848578,413757580,
Department of Defence (DoD),Defence - PayConditions (GA4),169627562,342228637,
Department of Defence (DoD),Navy,34519874,321346529,
Department of Defence (DoD),The Runway Admin,319094813,447156922,
Department of Education (DoE),Department of Education GA3,18570220,443418475,
Department of Education (DoE),Department of Education GA3,18570220,443421395,
Department of Education (DoE),Department of Education GA4,248523231,317410190,
Department of Education (DoE),Department of Education GA4,248523231,317410695,
Department of Education (DoE),Department of Education GA4,248523231,317422135,
Department of Education (DoE),Department of Education GA4,248523231,317429394,
Department of Education (DoE),Department of Education GA4,248523231,317432214,
Department of Education (DoE),Department of Education GA4,248523231,317440197,
Department of Education (DoE),Department of Education GA4,248523231,317453047,
Department of Education (DoE),Department of Education GA4,248523231,317457077,
Department of Education (DoE),Department of Education GA4,248523231,317463328,
Department of Education (DoE),Department of Education GA4,248523231,317464549,
Department of Education (DoE),Department of Education GA4,248523231,328879375,
Department of Education (DoE),Department of Education GA4,248523231,340692157,
Department of Education (DoE),Department of Education GA4,248523231,340901764,
Department of Education (DoE),Department of Education GA4,248523231,340938340,
Department of Education (DoE),Department of Education GA4,248523231,341381901,
Department of Education (DoE),Department of Education GA4,248523231,359988961,
Department of Education (DoE),Department of Education GA4,248523231,383103893,
Department of Education (DoE),Department of Education GA4,248523231,383586659,
Department of Education (DoE),Department of Education GA4,248523231,412641960,
Department of Education (DoE),Department of Education GA4,248523231,446593485,
Department of Employment and Workplace Relations (DEWR),DEWR - Jobsearch,40618565,317444943,
Department of Employment and Workplace Relations (DEWR),DEWR - Jobsearch,40618565,317455048,
Department of Employment and Workplace Relations (DEWR),DEWR - USI,56764104,293348951,
Department of Employment and Workplace Relations (DEWR),DEWR | EDU - Misc External Websites [ REVIEW ],11386335,317429081,
Department of Employment and Workplace Relations (DEWR),DEWR | EDU - Misc External Websites [ REVIEW ],11386335,448210934,
Department of Employment and Workplace Relations (DEWR),DEWR GA3,44748008,320387430,
Department of Employment and Workplace Relations (DEWR),DEWR GA3,44748008,382233941,
Department of Employment and Workplace Relations (DEWR),DEWR GA3,44748008,382299349,
Department of Employment and Workplace Relations (DEWR),DEWR GA3,44748008,405900999,
Department of Employment and Workplace Relations (DEWR),DEWR GA4,248528401,288339553,
Department of Employment and Workplace Relations (DEWR),DEWR GA4,248528401,310090434,
Department of Employment and Workplace Relations (DEWR),DEWR GA4,248528401,317423029,
Department of Employment and Workplace Relations (DEWR),DEWR GA4,248528401,317429797,
Department of Employment and Workplace Relations (DEWR),DEWR GA4,248528401,317447061,
Department of Employment and Workplace Relations (DEWR),DEWR GA4,248528401,317461514,
Department of Employment and Workplace Relations (DEWR),DEWR GA4,248528401,317465153,
Department of Employment and Workplace Relations (DEWR),DEWR GA4,248528401,328876868,
Department of Employment and Workplace Relations (DEWR),DEWR GA4,248528401,337931354,
Department of Employment and Workplace Relations (DEWR),DEWR GA4,248528401,338254235,
Department of Employment and Workplace Relations (DEWR),DEWR GA4,248528401,340208162,
Department of Employment and Workplace Relations (DEWR),DEWR GA4,248528401,340658102,
Department of Employment and Workplace Relations (DEWR),DEWR GA4,248528401,340936943,
Department of Employment and Workplace Relations (DEWR),DEWR GA4,248528401,341405133,
Department of Employment and Workplace Relations (DEWR),DEWR GA4,248528401,349744214,
Department of Employment and Workplace Relations (DEWR),DEWR GA4,248528401,400191889,
Department of Employment and Workplace Relations (DEWR),DEWR GA4,248528401,411496230,
Department of Employment and Workplace Relations (DEWR),DEWR GA4,248528401,417641020,
Department of Employment and Workplace Relations (DEWR),DEWR GA4,248528401,452569737,
Department of Employment and Workplace Relations (DEWR),GA4 - TRA,293666629,416663597,
Department of Employment and Workplace Relations (DEWR),GA4 - TRA,293666629,416685480,
Department of Employment and Workplace Relations (DEWR),OFSC,275654557,391530313,
Department of Employment and Workplace Relations (DEWR),Safe Work Australia (SWA) - Intranet,164903578,366711113,
Department of Employment and Workplace Relations (DEWR),Safe Work Australia (SWA) - Intranet,164903578,385279797,
Department of Finance (DoF),FINANCE - Australian Political Exchange Council,38699474,355173256,
Department of Finance (DoF),FINANCE - Charging Survey 2018,126553777,355186835,
Department of Finance (DoF),FINANCE - Dept. Finance Website,26357885,355162997,
Department of Finance (DoF),FINANCE - Domain Name,274540840,435743322,
Department of Finance (DoF),FINANCE - GovCMS GA4 [ REVIEW - TRACKING DATA ],182978651,252721612,
Department of Finance (DoF),FINANCE - GovCMS Hosting,54970022,252715652,
Department of Finance (DoF),FINANCE - GovCMS Hosting,54970022,390130787,
Department of Finance (DoF),FINANCE - GovTEAMS,190174362,396025421,
Department of Finance (DoF),FINANCE - M&PS Website,32895556,372928954,
Department of Finance (DoF),FINANCE - M&PS Website,32895556,429776369,
Department of Finance (DoF),FINANCE - M&PS Website,32895556,463660120,
Department of Finance (DoF),FINANCE - Minister,32894260,355185613,
Department of Finance (DoF),FINANCE - Service Delivery Office (SDO),170235954,368029739,
Department of Finance (DoF),FINANCE - SMOS,32887482,354349283,
Department of Finance (DoF),GovCMS Website (2025+),345836586,478194034,
Department of Health and Aged Care (DoHAC),DOHAC - Aged Care Gateway [ REVIEW ],57620410,196766267,
Department of Health and Aged Care (DoHAC),DOHAC - Aged Care Gateway [ REVIEW ],57620410,226376455,
Department of Health and Aged Care (DoHAC),DOHAC - Aged Care Gateway [ REVIEW ],57620410,266696451,
Department of Health and Aged Care (DoHAC),DOHAC - Aged Care Gateway [ REVIEW ],57620410,269438274,
Department of Health and Aged Care (DoHAC),DOHAC - Aged Care Gateway [ REVIEW ],57620410,307289496,
Department of Health and Aged Care (DoHAC),DOHAC - Aged Care Gateway [ REVIEW ],57620410,316320289,
Department of Health and Aged Care (DoHAC),DOHAC - Aged Care Gateway [ REVIEW ],57620410,389924643,
Department of Health and Aged Care (DoHAC),DOHAC - Aged Care Gateway [ REVIEW ],57620410,391864996,
Department of Health and Aged Care (DoHAC),DOHAC - Aged Care Gateway [ REVIEW ],57620410,425352511,
Department of Health and Aged Care (DoHAC),DOHAC - Aged Care Gateway [ REVIEW ],57620410,425367109,
Department of Health and Aged Care (DoHAC),DOHAC - Aged Care Gateway [ REVIEW ],57620410,438004935,
Department of Health and Aged Care (DoHAC),DOHAC - Aged Care Gateway [ REVIEW ],57620410,438008865,
Department of Health and Aged Care (DoHAC),DOHAC - Aged Care Gateway [ REVIEW ],57620410,442249061,
Department of Health and Aged Care (DoHAC),DOHAC - Aged Care Gateway [ REVIEW ],57620410,442259564,
Department of Health and Aged Care (DoHAC),DOHAC - Aged Care Gateway [ REVIEW ],57620410,442460098,
Department of Health and Aged Care (DoHAC),DOHAC - Aged Care Gateway [ REVIEW ],57620410,442466459,
Department of Health and Aged Care (DoHAC),DOHAC - Aged Care Gateway [ REVIEW ],57620410,442479593,
Department of Health and Aged Care (DoHAC),DOHAC - Aged Care Gateway [ REVIEW ],57620410,442485194,
Department of Health and Aged Care (DoHAC),DOHAC - Aged Care Gateway [ REVIEW ],57620410,442487836,
Department of Health and Aged Care (DoHAC),DOHAC - Aged Care Gateway [ REVIEW ],57620410,442502696,
Department of Health and Aged Care (DoHAC),DOHAC - Aged Care Gateway [ REVIEW ],57620410,442506414,
Department of Health and Aged Care (DoHAC),DOHAC - Aged Care Gateway [ REVIEW ],57620410,442507233,
Department of Health and Aged Care (DoHAC),DOHAC - Aged Care Gateway [ REVIEW ],57620410,459921191,
Department of Health and Aged Care (DoHAC),DOHAC - Aged Care Gateway [ REVIEW ],57620410,468143862,
Department of Health and Aged Care (DoHAC),DOHAC - Health Lotus,21227594,374709399,
Department of Health and Aged Care (DoHAC),DOHAC - interim cdc,295302496,418574157,
Department of Health and Aged Care (DoHAC),DOHAC - Intranet,319090819,447153354,
Department of Health and Aged Care (DoHAC),DOHAC - National Notifiable Disease Surveillance System (nindss),306639580,432432714,
Department of Health and Aged Care (DoHAC),DOHAC- Australian Clinical Trials migrated,269875682,386579486,
Department of Health and Aged Care (DoHAC),DOHAC- Australian Clinical Trials migrated,269875682,412652469,
Department of Health and Aged Care (DoHAC),DOHAC- MBS Online - Medicare Benefits Schedule,2732723,269610320,
Department of Health and Aged Care (DoHAC),DOHAC- MBS Online - Medicare Benefits Schedule,2732723,375779467,
Department of Health and Aged Care (DoHAC),DOHAC- World Aids Day,11669898,316718343,
Department of Health and Aged Care (DoHAC),DOHAC: Inspector General of Aged Care (IGAC),303368245,428496342,
Department of Health and Aged Care (DoHAC),DOHAC-Ageing and Aged Care Engagement Hub,206085165,281828213,
Department of Health and Aged Care (DoHAC),DOHAC-Antimicrobial Resistance - AMR,231455110,318735834,
Department of Health and Aged Care (DoHAC),DOHAC-Antimicrobial Resistance - AMR,231455110,456192230,
Department of Health and Aged Care (DoHAC),DOHAC-Consultations/CitizenSpace,33186073,283464168,
Department of Health and Aged Care (DoHAC),DOHAC-Consultations/CitizenSpace,33186073,373511918,
Department of Health and Aged Care (DoHAC),DOHAC-Food Regulation,87658224,319369524,
Department of Health and Aged Care (DoHAC),DOHAC-Gene Technology,223780026,308139796,
Department of Health and Aged Care (DoHAC),DOHAC-Health GovCMS,112666492,250575568,
Department of Health and Aged Care (DoHAC),DOHAC-Health GovCMS,112666492,456206086,
Department of Health and Aged Care (DoHAC),DOHAC-Health Star Rating,47414401,319322349,
Department of Health and Aged Care (DoHAC),DOHAC-Immunisation Handbook,231260566,214450377,
Department of Health and Aged Care (DoHAC),DOHAC-Immunisation Handbook,231260566,319352676,
Department of Health and Aged Care (DoHAC),DOHAC-Medical Costs Finder (MCF),280177392,400831826,
Department of Health and Aged Care (DoHAC),DOHAC-Medical Costs Finder (MCF),280177392,474500725,MCF test property 
Department of Health and Aged Care (DoHAC),DOHAC-Medical Services Advisory Committee - MSAC,231465297,318750673,
Department of Health and Aged Care (DoHAC),DOHAC-National Sport Tribunal,158521374,316718229,
Department of Health and Aged Care (DoHAC),DOHAC-Office of the Gene Technology Regulator (OGTR),205473579,283578599,
Department of Health and Aged Care (DoHAC),DOHAC-Pharmaceutical Benefits Scheme,179094047,376225807,
Department of Health and Aged Care (DoHAC),DOHAC-Pharmaceutical Benefits Scheme,179094047,376247489,
Department of Health and Aged Care (DoHAC),DOHAC-Pharmaceutical Benefits Scheme,179094047,379487030,
Department of Health and Aged Care (DoHAC),DOHAC-Toilet Map,231499841,318740970,
Department of Health and Aged Care (DoHAC),DOHAC-Toilet Map,231499841,431414299,
Department of Health and Aged Care (DoHAC),Health Business Systems,347342953,479925131,
Department of Health and Aged Care (DoHAC),NMHC,35089076,273543370,
Department of Health and Aged Care (DoHAC),NMHC,35089076,313512885,
Department of Health and Aged Care (DoHAC),NMHC,35089076,370804446,
Department of Home Affairs,Home Affairs,61305954,242931913,
Department of Home Affairs,Home Affairs,61305954,251405825,
Department of Home Affairs,Home Affairs,61305954,256451471,
Department of Home Affairs,Home Affairs,61305954,256926522,
Department of Home Affairs,Home Affairs,61305954,266524564,
Department of Home Affairs,Home Affairs,61305954,269617294,
Department of Home Affairs,Home Affairs,61305954,275094440,
Department of Home Affairs,Home Affairs,61305954,279957657,
Department of Home Affairs,Home Affairs,61305954,286959558,
Department of Home Affairs,Home Affairs,61305954,295324518,
Department of Home Affairs,Home Affairs,61305954,309522190,
Department of Home Affairs,Home Affairs,61305954,309900406,
Department of Home Affairs,Home Affairs,61305954,321494575,
Department of Home Affairs,Home Affairs,61305954,321509364,
Department of Home Affairs,Home Affairs,61305954,322622894,
Department of Home Affairs,Home Affairs,61305954,322674721,
Department of Home Affairs,Home Affairs,61305954,322678153,
Department of Home Affairs,Home Affairs,61305954,322686551,
Department of Home Affairs,Home Affairs,61305954,322699180,
Department of Home Affairs,Home Affairs,61305954,322716744,
Department of Home Affairs,Home Affairs,61305954,349717068,
Department of Home Affairs,Home Affairs,61305954,354367457,
Department of Home Affairs,Home Affairs,61305954,361831835,
Department of Home Affairs,Home Affairs,61305954,361845404,
Department of Home Affairs,Home Affairs,61305954,361849521,
Department of Home Affairs,Home Affairs,61305954,362090252,
Department of Home Affairs,Home Affairs,61305954,365569029,
Department of Home Affairs,Home Affairs,61305954,371177840,
Department of Home Affairs,Home Affairs,61305954,371783670,
Department of Home Affairs,Home Affairs,61305954,371800979,
Department of Home Affairs,Home Affairs,61305954,371802111,
Department of Home Affairs,Home Affairs,61305954,371806966,
Department of Home Affairs,Home Affairs,61305954,371807385,
Department of Home Affairs,Home Affairs,61305954,382814679,
Department of Home Affairs,Home Affairs,61305954,384063113,
Department of Home Affairs,Home Affairs,61305954,384069242,
Department of Home Affairs,Home Affairs,61305954,384086063,
Department of Home Affairs,Home Affairs,61305954,387328271,
Department of Home Affairs,Home Affairs,61305954,387348377,
Department of Home Affairs,Home Affairs,61305954,403057972,
Department of Home Affairs,Home Affairs,61305954,410486785,
Department of Home Affairs,Home Affairs,61305954,413993485,
Department of Home Affairs,Home Affairs,61305954,423336178,
Department of Home Affairs,Home Affairs,61305954,441529072,
Department of Home Affairs,Home Affairs,61305954,447188711,
Department of Home Affairs,Home Affairs,61305954,453232125,
Department of Home Affairs,Home Affairs,61305954,460418811,
Department of Home Affairs,Home Affairs,61305954,461259946,
Department of Home Affairs,Home Affairs,61305954,479616018,
"Department of Industry, Science and Resources (DISR)","Department of Industry, Science and Resources (DISR)",23075932,258599705,
"Department of Industry, Science and Resources (DISR)","Department of Industry, Science and Resources (DISR)",23075932,258616367,
"Department of Industry, Science and Resources (DISR)","Department of Industry, Science and Resources (DISR)",23075932,294969296,
"Department of Industry, Science and Resources (DISR)","Department of Industry, Science and Resources (DISR)",23075932,309891898,
"Department of Industry, Science and Resources (DISR)","Department of Industry, Science and Resources (DISR)",23075932,309919813,
"Department of Industry, Science and Resources (DISR)","Department of Industry, Science and Resources (DISR)",23075932,316907159,
"Department of Industry, Science and Resources (DISR)","Department of Industry, Science and Resources (DISR)",23075932,316910069,
"Department of Industry, Science and Resources (DISR)","Department of Industry, Science and Resources (DISR)",23075932,322692732,
"Department of Industry, Science and Resources (DISR)","Department of Industry, Science and Resources (DISR)",23075932,322725752,
"Department of Industry, Science and Resources (DISR)","Department of Industry, Science and Resources (DISR)",23075932,325974677,
"Department of Industry, Science and Resources (DISR)","Department of Industry, Science and Resources (DISR)",23075932,330665213,
"Department of Industry, Science and Resources (DISR)","Department of Industry, Science and Resources (DISR)",23075932,334821657,
"Department of Industry, Science and Resources (DISR)","Department of Industry, Science and Resources (DISR)",23075932,334839025,
"Department of Industry, Science and Resources (DISR)","Department of Industry, Science and Resources (DISR)",23075932,335447808,
"Department of Industry, Science and Resources (DISR)","Department of Industry, Science and Resources (DISR)",23075932,335499743,
"Department of Industry, Science and Resources (DISR)","Department of Industry, Science and Resources (DISR)",23075932,336393324,
"Department of Industry, Science and Resources (DISR)","Department of Industry, Science and Resources (DISR)",23075932,340674378,
"Department of Industry, Science and Resources (DISR)","Department of Industry, Science and Resources (DISR)",23075932,348511785,
"Department of Industry, Science and Resources (DISR)","Department of Industry, Science and Resources (DISR)",23075932,361846951,
"Department of Industry, Science and Resources (DISR)","Department of Industry, Science and Resources (DISR)",23075932,361849556,
"Department of Industry, Science and Resources (DISR)","Department of Industry, Science and Resources (DISR)",23075932,361860148,
"Department of Industry, Science and Resources (DISR)","Department of Industry, Science and Resources (DISR)",23075932,379536242,
"Department of Industry, Science and Resources (DISR)","Department of Industry, Science and Resources (DISR)",23075932,379539476,
"Department of Industry, Science and Resources (DISR)","Department of Industry, Science and Resources (DISR)",23075932,382160347,
"Department of Industry, Science and Resources (DISR)","Department of Industry, Science and Resources (DISR)",23075932,384654596,
"Department of Industry, Science and Resources (DISR)","Department of Industry, Science and Resources (DISR)",23075932,385371038,
"Department of Industry, Science and Resources (DISR)","Department of Industry, Science and Resources (DISR)",23075932,385993256,
"Department of Industry, Science and Resources (DISR)","Department of Industry, Science and Resources (DISR)",23075932,458004179,
"Department of Industry, Science and Resources (DISR)","Department of Industry, Science and Resources (DISR)",23075932,464667707,
"Department of Industry, Science and Resources (DISR)",DISR | Questacon,2091368,312118974,
"Department of Industry, Science and Resources (DISR)",DISR | Questacon,2091368,342218145,
Department of Social Services (DSS),Department of Social Services,6986514,252692081,
Department of Social Services (DSS),Department of Social Services,6986514,271444050,
Department of Social Services (DSS),Department of Social Services,6986514,313209316,
Department of Social Services (DSS),Department of Social Services,6986514,354370126,
Department of Social Services (DSS),Department of Social Services,6986514,354438721,
Department of Social Services (DSS),Department of Social Services,6986514,354447246,
Department of Social Services (DSS),Department of Social Services,6986514,354501003,
Department of Social Services (DSS),Department of Social Services,6986514,354503288,
Department of Social Services (DSS),Department of Social Services,6986514,354503846,
Department of Social Services (DSS),Department of Social Services,6986514,354503847,
Department of Social Services (DSS),Department of Social Services,6986514,354503924,
Department of Social Services (DSS),Department of Social Services,6986514,354505188,
Department of Social Services (DSS),Department of Social Services,6986514,354506798,
Department of Social Services (DSS),Department of Social Services,6986514,354511730,
Department of Social Services (DSS),Department of Social Services,6986514,354516902,
Department of Social Services (DSS),Department of Social Services,6986514,354519838,
Department of Social Services (DSS),Department of Social Services,6986514,354522216,
Department of Social Services (DSS),Department of Social Services,6986514,354524646,
Department of Social Services (DSS),Department of Social Services,6986514,360075805,
Department of Social Services (DSS),Department of Social Services,6986514,399240426,
Department of Social Services (DSS),Department of Social Services,6986514,400836281,
Department of Social Services (DSS),Department of Social Services,6986514,429510722,
Department of Social Services (DSS),Department of Social Services,6986514,431708136,
Department of Social Services (DSS),Department of Social Services,6986514,436652875,
Department of Social Services (DSS),Department of Social Services,6986514,436665101,
Department of Social Services (DSS),Department of Social Services,6986514,436671433,
Department of Social Services (DSS),Department of Social Services,6986514,436672747,
Department of Social Services (DSS),Department of Social Services,6986514,436699000,
Department of Social Services (DSS),Department of Social Services,6986514,436866101,
Department of Social Services (DSS),Department of Social Services,6986514,470797108,NCATSICYP (www.ncatsicyp.gov.au)
Department of Social Services (DSS),Department of Social Services,6986514,470946294,www.renters.gov.au
Department of Veterans' Affairs (DVA),Department of Veterans' Affairs (DVA ) - Anzac Portal,55685125,308257878,
Department of Veterans' Affairs (DVA),Department of Veterans' Affairs (DVA ) - Anzac Portal,55685125,353779900,
Department of Veterans' Affairs (DVA),Department of Veterans' Affairs (DVA ) - DSH Beta,169002152,382586487,
Department of Veterans' Affairs (DVA),Department of Veterans' Affairs (DVA ) - Veterans Employment Program Website,148714471,385399524,
Department of Veterans' Affairs (DVA),Department of Veterans' Affairs (DVA) - CLIK,326040494,455132198,
Department of Veterans' Affairs (DVA),Department of Veterans' Affairs (DVA) - CVC Toolbox GovCMS,159930216,352338545,
Department of Veterans' Affairs (DVA),Department of Veterans' Affairs (DVA) - Minister,67990327,352341272,
Department of Veterans' Affairs (DVA),Department of Veterans' Affairs (DVA) - MyService Production,121667649,391317953,
Department of Veterans' Affairs (DVA),Department of Veterans' Affairs (DVA) - Overseas Memorials,198477086,274397047,
Department of Veterans' Affairs (DVA),Department of Veterans' Affairs (DVA) - Overseas Memorials,198477086,364513633,
Department of Veterans' Affairs (DVA),Department of Veterans' Affairs (DVA) - PNG Remembrance Trail,249851113,342913717,
Department of Veterans' Affairs (DVA),Department of Veterans' Affairs (DVA) - PNG Remembrance Trail,249851113,371256513,
Department of Veterans' Affairs (DVA),Department of Veterans' Affairs (DVA) - Recognition (Veteran Card),177310629,370784734,
Department of Veterans' Affairs (DVA),Department of Veterans' Affairs (DVA) - SMRC,64857310,352344710,
Department of Veterans' Affairs (DVA),Department of Veterans' Affairs (DVA) - VRB GovCMS,176567539,352327209,
Department of Veterans' Affairs (DVA),Department of Veterans' Affairs (DVA) - VVCS,67998640,250575883,
Department of Veterans' Affairs (DVA),Department of Veterans Affairs (DVA) - live site (www.dva.gov.au),129191797,352346322,
Department of Veterans' Affairs (DVA),Nominal Rolls,463845837,463845837,
Digital Transformation Agency (DTA),Digital Transformation Agency (DTA),61222473,264036411,
Digital Transformation Agency (DTA),Digital Transformation Agency (DTA),61222473,374186162,
Digital Transformation Agency (DTA),Digital Transformation Agency (DTA),61222473,387652569,
Digital Transformation Agency (DTA),Digital Transformation Agency (DTA),61222473,398306182,
Digital Transformation Agency (DTA),Digital Transformation Agency (DTA),61222473,435730475,
Geoscience Australia,Geoscience Australia (GA),1501753,325661203,
Geoscience Australia,Geoscience Australia (GA),1501753,462406255,
Geoscience Australia,Geoscience Australia (GA),1501753,465994310,
Geoscience Australia,Geoscience Australia (GA),1501753,475113938,GA - Geoscience Australia - Division - Rollup - GA4
Geoscience Australia ,Geoscience Australia (GA),1501753,262761758,
Geoscience Australia ,Geoscience Australia (GA),1501753,271350884,
Geoscience Australia ,Geoscience Australia (GA),1501753,320770298,
Geoscience Australia ,Geoscience Australia (GA),1501753,323005093,
Geoscience Australia ,Geoscience Australia (GA),1501753,323014095,
Geoscience Australia ,Geoscience Australia (GA),1501753,323272418,
Geoscience Australia ,Geoscience Australia (GA),1501753,323284448,
Geoscience Australia ,Geoscience Australia (GA),1501753,323418983,
Geoscience Australia ,Geoscience Australia (GA),1501753,323517944,
Geoscience Australia ,Geoscience Australia (GA),1501753,323664359,
Geoscience Australia ,Geoscience Australia (GA),1501753,323665163,
Geoscience Australia ,Geoscience Australia (GA),1501753,323672836,
Geoscience Australia ,Geoscience Australia (GA),1501753,323681746,
Geoscience Australia ,Geoscience Australia (GA),1501753,323684353,
Geoscience Australia ,Geoscience Australia (GA),1501753,323686472,
Geoscience Australia ,Geoscience Australia (GA),1501753,323893291,
Geoscience Australia ,Geoscience Australia (GA),1501753,323897831,
Geoscience Australia ,Geoscience Australia (GA),1501753,323914193,
Geoscience Australia ,Geoscience Australia (GA),1501753,323934300,
Geoscience Australia ,Geoscience Australia (GA),1501753,323958244,
Geoscience Australia ,Geoscience Australia (GA),1501753,325003554,
Geoscience Australia ,Geoscience Australia (GA),1501753,325016792,
Geoscience Australia ,Geoscience Australia (GA),1501753,325027102,
Geoscience Australia ,Geoscience Australia (GA),1501753,325030016,
Geoscience Australia ,Geoscience Australia (GA),1501753,325034259,
Geoscience Australia ,Geoscience Australia (GA),1501753,325053626,
Geoscience Australia ,Geoscience Australia (GA),1501753,325964160,
Geoscience Australia ,Geoscience Australia (GA),1501753,367096068,
Geoscience Australia ,Geoscience Australia (GA),1501753,376223582,
Geoscience Australia ,Geoscience Australia (GA),1501753,376545606,
Geoscience Australia ,Geoscience Australia (GA),1501753,379499813,
Geoscience Australia ,Geoscience Australia (GA),1501753,386246141,
Geoscience Australia ,Geoscience Australia (GA),1501753,387503459,
Geoscience Australia ,Geoscience Australia (GA),1501753,406906398,
Geoscience Australia ,Geoscience Australia (GA),1501753,410265705,
Geoscience Australia ,Geoscience Australia (GA),1501753,412155184,
Geoscience Australia ,Geoscience Australia (GA),1501753,412179828,
Geoscience Australia ,Geoscience Australia (GA),1501753,447803045,
Geoscience Australia ,Geoscience Australia (GA),1501753,449727877,
Geoscience Australia ,Geoscience Australia (GA),1501753,452144839,
Geoscience Australia ,Geoscience Australia (GA),1501753,456198296,
Geoscience Australia ,Geoscience Australia (GA),1501753,456390759,
Geoscience Australia ,Geoscience Australia (GA),1501753,456396928,
Geoscience Australia ,Geoscience Australia (GA),1501753,456400575,
Geoscience Australia ,Geoscience Australia (GA),1501753,456405392,
HealthDirect Australia (HDA),Healthdirect Australia - Amazon Connect Interface,162958447,228240950,
HealthDirect Australia (HDA),Healthdirect Australia - My Aged Care Info Hub,213674913,294646352,
HealthDirect Australia (HDA),Healthdirect Australia - My Aged Care Info Hub,213674913,294657625,
HealthDirect Australia (HDA),Healthdirect Australia - NHSD (GA4),257217245,353660464,
HealthDirect Australia (HDA),Healthdirect Australia - NHSD (GA4),257217245,353692396,
HealthDirect Australia (HDA),Healthdirect Australia - Pregnancy Birth and Baby (GA4),256430570,287645204,
HealthDirect Australia (HDA),Healthdirect Australia (GA4),256401119,208744809,
HealthDirect Australia (HDA),Healthdirect Australia (GA4),256401119,224303095,
HealthDirect Australia (HDA),Healthdirect Australia (GA4),256401119,249590767,
HealthDirect Australia (HDA),Healthdirect Australia (GA4),256401119,309165424,
HealthDirect Australia (HDA),Healthdirect Australia (GA4),256401119,352881202,
HealthDirect Australia (HDA),Healthdirect Australia (GA4),256401119,359294343,
HealthDirect Australia (HDA),Healthdirect Australia (GA4),256401119,420030150,
HealthDirect Australia (HDA),Healthdirect Australia (GA4),256401119,425539315,
HealthDirect Australia (HDA),Healthdirect Australia (GA4),256401119,436224277,
HealthDirect Australia (HDA),Healthdirect Australia (GA4),256401119,439168525,
HealthDirect Australia (HDA),Healthdirect Australia (GA4),256401119,441532200,
HealthDirect Australia (HDA),Healthdirect Australia (GA4),256401119,446344510,
HealthDirect Australia (HDA),Healthdirect Australia (GA4),256401119,450011388,
HealthDirect Australia (HDA),Healthdirect Australia (Under review),5303301,282535004,
HealthDirect Australia (HDA),Healthdirect Australia (Under review),5303301,369374982,
HealthDirect Australia (HDA),Healthdirect Australia (Under review),5303301,400210489,
Independent Hospital Pricing Authority - Health,1.0 Independent Health and Aged Care Pricing Authority (IHACPA),47901945,313298319,
Independent Hospital Pricing Authority - Health,1.0 Independent Health and Aged Care Pricing Authority (IHACPA),47901945,315286377,
Independent Hospital Pricing Authority - Health,1.0 Independent Health and Aged Care Pricing Authority (IHACPA),47901945,316476376,
Independent Hospital Pricing Authority - Health,1.0 Independent Health and Aged Care Pricing Authority (IHACPA),47901945,316702790,
Independent Hospital Pricing Authority - Health,1.0 Independent Health and Aged Care Pricing Authority (IHACPA),47901945,325081209,
Independent Hospital Pricing Authority - Health,1.0 Independent Health and Aged Care Pricing Authority (IHACPA),47901945,325107057,
Independent Hospital Pricing Authority - Health,1.0 Independent Health and Aged Care Pricing Authority (IHACPA),47901945,354579288,
Independent Hospital Pricing Authority - Health,1.0 Independent Health and Aged Care Pricing Authority (IHACPA),47901945,359629289,
Independent Hospital Pricing Authority - Health,1.0 Independent Health and Aged Care Pricing Authority (IHACPA),47901945,456069168,
Independent Hospital Pricing Authority - Health,1.0 Independent Health and Aged Care Pricing Authority (IHACPA),47901945,478809715,
Independent Hospital Pricing Authority - Health,2.0 Independent Hospital Pricing Authority,43327539,281213708,
Independent Hospital Pricing Authority - Health,2.0 Independent Hospital Pricing Authority,43327539,281236208,
Inspector General of Taxation (IGT),Inspector-General of Taxation Ombudsman (IGTO) - Websites,159124604,415879057,
Museum of Australian Democracy Old Parliament House ,Museum of Australian Democracy (MoADOPH),4526893,310230868,
Museum of Australian Democracy Old Parliament House ,Museum of Australian Democracy (MoADOPH),4526893,386239446,
National Film and Sound Archive of Australia (NFSA),nfsa.gov.au,17256790,276892516,x NO HITS - http://colsearch.nfsa.gov.au - GA4
National Film and Sound Archive of Australia (NFSA),nfsa.gov.au,17256790,352850073,Timeline GA4
National Film and Sound Archive of Australia (NFSA),nfsa.gov.au,17256790,345646111,06 Digital Learning GA4
National Film and Sound Archive of Australia (NFSA),nfsa.gov.au,17256790,373509359,New website name
National Film and Sound Archive of Australia (NFSA),nfsa.gov.au,17256790,398954692,X_Incorrect_NFSA GTM - GA4
National Film and Sound Archive of Australia (NFSA),nfsa.gov.au,17256790,252005523,Carriberrie Online GA4
National Film and Sound Archive of Australia (NFSA),nfsa.gov.au,17256790,442077357,Collection Offers
National Film and Sound Archive of Australia (NFSA),nfsa.gov.au,17256790,425371337,01 NFSA Roll up GA4
National Film and Sound Archive of Australia (NFSA),nfsa.gov.au,17256790,374742943,04 Player GA4
National Film and Sound Archive of Australia (NFSA),nfsa.gov.au,17256790,352850080,08 Film Australia Collection GA4
National Film and Sound Archive of Australia (NFSA),nfsa.gov.au,17256790,317725799,02 NFSA GA4 (incl. Ferve)
National Film and Sound Archive of Australia (NFSA),nfsa.gov.au,17256790,352894932,Mabo Native Title GA4
National Film and Sound Archive of Australia (NFSA),nfsa.gov.au,17256790,346437374,07 Shop GA4
National Film and Sound Archive of Australia (NFSA),nfsa.gov.au,17256790,281857900,Twelve Canoes GA4
National Film and Sound Archive of Australia (NFSA),nfsa.gov.au,17256790,427382988,Service Now (Development)
National Film and Sound Archive of Australia (NFSA),nfsa.gov.au,17256790,364428538,X_Retired_DIY Doco - GA4
National Film and Sound Archive of Australia (NFSA),nfsa.gov.au,17256790,437760463,NTLC GA4
National Film and Sound Archive of Australia (NFSA),nfsa.gov.au,17256790,365851636,Still Our Country GA4
National Film and Sound Archive of Australia (NFSA),nfsa.gov.au,17256790,345402392,03 STC (Search The Collection) GA4
National Film and Sound Archive of Australia (NFSA),nfsa.gov.au,17256790,385134204,Starstruck GA4
National Film and Sound Archive of Australia (NFSA),nfsa.gov.au,17256790,321152746,05 ASO GA4
National Film and Sound Archive of Australia (NFSA),nfsa.gov.au,17256790,308412503,Blizzard GA4
National Gallery of Australia (NGA),National Gallery of Australia (NGA) - https://knowmyname.nga.gov.au,183102974,252945952,
National Gallery of Australia (NGA),National Gallery of Australia (NGA) - Know My Name Microsite,183100109,252948464,
National Gallery of Australia (NGA),National Gallery of Australia (NGA) - www.nga.gov.au,1571219,355610811,
National Gallery of Australia (NGA),National Gallery of Australia (NGA) - www.nga.gov.au,1571219,365818268,
National Gallery of Australia (NGA),National Gallery of Australia (NGA) - www.nga.gov.au,1571219,464140396,
National Library of Australia (NLA),National Library of Australia (NLA),807909,307763837,
National Library of Australia (NLA),National Library of Australia (NLA),807909,307968117,
National Library of Australia (NLA),National Library of Australia (NLA),807909,308408376,
National Library of Australia (NLA),National Library of Australia (NLA),807909,320990896,
National Library of Australia (NLA),National Library of Australia (NLA),807909,321004572,
National Library of Australia (NLA),National Library of Australia (NLA),807909,331500272,
National Library of Australia (NLA),National Library of Australia (NLA),807909,341390094,
National Library of Australia (NLA),National Library of Australia (NLA),807909,342402364,
National Library of Australia (NLA),National Library of Australia (NLA),807909,359045128,
National Library of Australia (NLA),National Library of Australia (NLA),807909,359114173,
National Library of Australia (NLA),National Library of Australia (NLA),807909,386441511,
National Library of Australia (NLA),National Library of Australia (NLA),807909,386692083,
National Library of Australia (NLA),National Library of Australia (NLA),807909,389419120,
National Library of Australia (NLA),National Library of Australia (NLA),807909,395316516,
National Library of Australia (NLA),National Library of Australia (NLA),807909,411271718,
National Library of Australia (NLA),National Library of Australia (NLA),807909,420534224,
National Library of Australia (NLA),National Library of Australia (NLA),807909,420551502,
National Library of Australia (NLA),National Library of Australia (NLA),807909,449128651,
National Library of Australia (NLA),National Library of Australia (NLA),807909,454040099,
National Library of Australia (NLA),National Library of Australia (NLA),807909,458799464,
Office of the Registrar of Indigenous Corporations (ORIC),ORIC - Drupal,58733616,325017820,
Office of the Registrar of Indigenous Corporations (ORIC),ORIC - sub-domains,5349908,401218713,
Office of the Registrar of Indigenous Corporations (ORIC),ORIC - sub-domains,5349908,401249361,
Office of the Registrar of Indigenous Corporations (ORIC),ORIC - sub-domains,5349908,413574354,
Office of the Registrar of Indigenous Corporations (ORIC),ORIC - sub-domains,5349908,413597003,
Office of the Registrar of Indigenous Corporations (ORIC),ORIC - sub-domains,5349908,413601455,
Office of the Registrar of Indigenous Corporations (ORIC),ORIC - sub-domains,5349908,413612058,
Prime Minister and Cabinet,PMC - Indigenous Affairs,122447853,445568842,
Reserve Bank of Australia (RBA),RBA - AFXC,152929886,339929872,
Reserve Bank of Australia (RBA),RBA - Banknotes,149161675,340121797,
Reserve Bank of Australia (RBA),RBA - CFR,152928505,340230171,
Reserve Bank of Australia (RBA),RBA - HC Coombs,25487432,340230883,
Reserve Bank of Australia (RBA),RBA - Intranet,150351078,334282042,
Reserve Bank of Australia (RBA),RBA - Intranet,150351078,366322679,
Reserve Bank of Australia (RBA),RBA - Intranet,150351078,368262724,
Reserve Bank of Australia (RBA),RBA - main site,135644503,273414624,
Reserve Bank of Australia (RBA),RBA - main site,135644503,339901697,
Reserve Bank of Australia (RBA),RBA - Museum,145840710,340246634,
Reserve Bank of Australia (RBA),RBA - Securitisations Industry Forum,155399077,340225019,
Reserve Bank of Australia (RBA),RBA - Unreserved,180930239,340238673,
Royal Australian Mint (RAMINT),Websites at ramint.gov.au,34127374,313015696,
Royal Australian Mint (RAMINT),Websites at ramint.gov.au,34127374,313074936,
Royal Australian Mint (RAMINT),Websites at ramint.gov.au,34127374,313635042,
Services Australia (SA),GA4 M365 INTRANET-DEV,286964497,408734123,
Services Australia (SA),Services Australia - Intranet,2785808,272823570,
Services Australia (SA),Services Australia - Intranet,2785808,390345485,
Services Australia (SA),Services Australia - Intranet,2785808,406593309,
Services Australia (SA),Services Australia - Medicare Analytics,189006508,263758909,
Services Australia (SA),Services Australia - Medicare Analytics,189006508,263804591,
Services Australia (SA),Services Australia - Medicare Analytics,189006508,263901173,
Services Australia (SA),Services Australia - Medicare Analytics,189006508,263908241,
Services Australia (SA),Services Australia - Medicare Analytics,189006508,456712223,
Services Australia (SA),Services Australia - www.servicesaustralia.gov.au,24200153,328365253,
Services Australia (SA),Services Australia Misc websites,64709072,322883993,
Services Australia (SA),Services Australia Misc websites,64709072,385648298,
Services Australia (SA),Services Australia Misc websites,64709072,386326535,
Services Australia (SA),Services Australia Misc websites,64709072,411476610,
Tax Practitioners Board (TPB),Tax Practioners Board (TPB),13035849,343811126,
Tax Practitioners Board (TPB),Tax Practioners Board (TPB),13035849,346716757,
Tax Practitioners Board (TPB),Tax Practioners Board (TPB),13035849,387741727,
Tax Practitioners Board (TPB),Tax Practioners Board (TPB),13035849,388770200,
Tax Practitioners Board (TPB),Tax Practioners Board (TPB),13035849,450791134,
Test Agency,Test Account,11111111,11111111,
Therapeutic Goods Administration (TGA),TGA - tga.website@tga.gov.au,29727637,297093492,
Therapeutic Goods Administration (TGA),TGA - tga.website@tga.gov.au,29727637,353452080,
Therapeutic Goods Administration (TGA),TGA - tga.website@tga.gov.au,29727637,376221576,
Therapeutic Goods Administration (TGA),TGA - tga.website@tga.gov.au,29727637,376241796,
Unassigned,DESE,155702697,219605809,
Unassigned,DESE,155702697,317438494,
Unassigned,DESE,155702697,317447267,
Unassigned,DESE,155702697,317464548,
Unassigned,DESE,155702697,382041872,
Workplace Gender Equality Agency (WGEA),WGEA Agency Website,38375697,378944066,
Workplace Gender Equality Agency (WGEA),WGEA Agency Website,38375697,439500937,
Workplace Gender Equality Agency (WGEA),WGEA Agency Website,38375697,474222395,End the Gender Pay Gap
